,PassengerId,Survived,Age,Cabin,Pclass_1,Pclass_2,Pclass_3,C,Q,S,female,male,Parch_1,Parch_2,Parch_3,SibSp_1,SibSp_2,SibSp_3,Miss,Mr
0,1,0,22.0,0,0,0,1,0,0,1,0,1,1,0,0,0,1,0,0,1
1,2,1,38.0,1,1,0,0,1,0,0,1,0,1,0,0,0,1,0,1,0
2,3,1,26.0,0,0,0,1,0,0,1,1,0,1,0,0,1,0,0,1,0
3,4,1,35.0,1,1,0,0,0,0,1,1,0,1,0,0,0,1,0,1,0
4,5,0,35.0,0,0,0,1,0,0,1,0,1,1,0,0,1,0,0,0,1
5,6,0,44.5,0,0,0,1,0,1,0,0,1,1,0,0,1,0,0,0,1
6,7,0,54.0,1,1,0,0,0,0,1,0,1,1,0,0,1,0,0,0,1
7,8,0,2.0,0,0,0,1,0,0,1,0,1,0,1,0,0,0,1,0,1
8,9,1,27.0,0,0,0,1,0,0,1,1,0,0,0,1,1,0,0,1,0
9,10,1,14.0,0,0,1,0,1,0,0,1,0,1,0,0,0,1,0,1,0
10,11,1,4.0,1,0,0,1,0,0,1,1,0,0,1,0,0,1,0,1,0
11,12,1,58.0,1,1,0,0,0,0,1,1,0,1,0,0,1,0,0,1,0
12,13,0,20.0,0,0,0,1,0,0,1,0,1,1,0,0,1,0,0,0,1
13,14,0,39.0,0,0,0,1,0,0,1,0,1,0,0,1,0,1,0,0,1
14,15,0,14.0,0,0,0,1,0,0,1,1,0,1,0,0,1,0,0,1,0
15,16,1,55.0,0,0,1,0,0,0,1,1,0,1,0,0,1,0,0,1,0
16,17,0,2.0,0,0,0,1,0,1,0,0,1,0,1,0,0,0,1,0,1
17,18,1,16.5,0,0,1,0,0,0,1,0,1,1,0,0,1,0,0,0,1
18,19,0,31.0,0,0,0,1,0,0,1,1,0,1,0,0,0,1,0,1,0
19,20,1,33.0,0,0,0,1,1,0,0,1,0,1,0,0,1,0,0,1,0
20,21,0,35.0,0,0,1,0,0,0,1,0,1,1,0,0,1,0,0,0,1
21,22,1,34.0,1,0,1,0,0,0,1,0,1,1,0,0,1,0,0,0,1
22,23,1,15.0,0,0,0,1,0,1,0,1,0,1,0,0,1,0,0,1,0
23,24,1,28.0,1,1,0,0,0,0,1,0,1,1,0,0,1,0,0,0,1
24,25,0,8.0,0,0,0,1,0,0,1,1,0,0,1,0,0,0,1,1,0
25,26,1,38.0,0,0,0,1,0,0,1,1,0,0,0,1,0,1,0,1,0
26,27,0,28.5,0,0,0,1,1,0,0,0,1,1,0,0,1,0,0,0,1
27,28,0,19.0,1,1,0,0,0,0,1,0,1,0,0,1,0,0,1,0,1
28,29,1,26.0,0,0,0,1,0,1,0,1,0,1,0,0,1,0,0,1,0
29,30,0,33.0,0,0,0,1,0,0,1,0,1,1,0,0,1,0,0,0,1
30,31,0,40.0,0,1,0,0,1,0,0,0,1,1,0,0,1,0,0,0,1
31,32,1,48.666666666666664,1,1,0,0,1,0,0,1,0,1,0,0,0,1,0,1,0
32,33,1,57.33333333333333,0,0,0,1,0,1,0,1,0,1,0,0,1,0,0,1,0
33,34,0,66.0,0,0,1,0,0,0,1,0,1,1,0,0,1,0,0,0,1
34,35,0,28.0,0,1,0,0,1,0,0,0,1,1,0,0,0,1,0,0,1
35,36,0,42.0,0,1,0,0,0,0,1,0,1,1,0,0,0,1,0,0,1
36,37,1,31.5,0,0,0,1,1,0,0,0,1,1,0,0,1,0,0,0,1
37,38,0,21.0,0,0,0,1,0,0,1,0,1,1,0,0,1,0,0,0,1
38,39,0,18.0,0,0,0,1,0,0,1,1,0,1,0,0,0,0,1,1,0
39,40,1,14.0,0,0,0,1,1,0,0,1,0,1,0,0,0,1,0,1,0
40,41,0,40.0,0,0,0,1,0,0,1,1,0,1,0,0,0,1,0,1,0
41,42,0,27.0,0,0,1,0,0,0,1,1,0,1,0,0,0,1,0,1,0
42,43,0,15.0,0,0,0,1,1,0,0,0,1,1,0,0,1,0,0,0,1
43,44,1,3.0,0,0,1,0,1,0,0,1,0,0,0,1,0,1,0,1,0
44,45,1,19.0,0,0,0,1,0,1,0,1,0,1,0,0,1,0,0,1,0
45,46,0,18.8,0,0,0,1,0,0,1,0,1,1,0,0,1,0,0,0,1
46,47,0,18.6,0,0,0,1,0,1,0,0,1,1,0,0,0,1,0,0,1
47,48,1,18.4,0,0,0,1,0,1,0,1,0,1,0,0,1,0,0,1,0
48,49,0,18.2,0,0,0,1,1,0,0,0,1,1,0,0,0,0,1,0,1
49,50,0,18.0,0,0,0,1,0,0,1,1,0,1,0,0,0,1,0,1,0
50,51,0,7.0,0,0,0,1,0,0,1,0,1,0,1,0,0,0,1,0,1
51,52,0,21.0,0,0,0,1,0,0,1,0,1,1,0,0,1,0,0,0,1
52,53,1,49.0,1,1,0,0,1,0,0,1,0,1,0,0,0,1,0,1,0
53,54,1,29.0,0,0,1,0,0,0,1,1,0,1,0,0,0,1,0,1,0
54,55,0,65.0,1,1,0,0,1,0,0,0,1,0,1,0,1,0,0,0,1
55,56,1,43.0,1,1,0,0,0,0,1,0,1,1,0,0,1,0,0,0,1
56,57,1,21.0,0,0,1,0,0,0,1,1,0,1,0,0,1,0,0,1,0
57,58,0,28.5,0,0,0,1,1,0,0,0,1,1,0,0,1,0,0,0,1
58,59,1,5.0,0,0,1,0,0,0,1,1,0,0,0,1,0,1,0,1,0
59,60,0,11.0,0,0,0,1,0,0,1,0,1,0,0,1,0,0,1,0,1
60,61,0,22.0,0,0,0,1,1,0,0,0,1,1,0,0,1,0,0,0,1
61,62,1,38.0,1,1,0,0,0,0,0,1,0,1,0,0,1,0,0,1,0
62,63,0,45.0,1,1,0,0,0,0,1,0,1,1,0,0,0,1,0,0,1
63,64,0,4.0,0,0,0,1,0,0,1,0,1,0,0,1,0,0,1,0,1
64,65,0,12.333333333333334,0,1,0,0,1,0,0,0,1,1,0,0,1,0,0,0,1
65,66,1,20.666666666666668,0,0,0,1,1,0,0,0,1,0,1,0,0,1,0,0,1
66,67,1,29.0,1,0,1,0,0,0,1,1,0,1,0,0,1,0,0,1,0
67,68,0,19.0,0,0,0,1,0,0,1,0,1,1,0,0,1,0,0,0,1
68,69,1,17.0,0,0,0,1,0,0,1,1,0,0,0,1,0,0,1,1,0
69,70,0,26.0,0,0,0,1,0,0,1,0,1,1,0,0,0,0,1,0,1
70,71,0,32.0,0,0,1,0,0,0,1,0,1,1,0,0,1,0,0,0,1
71,72,0,16.0,0,0,0,1,0,0,1,1,0,0,0,1,0,0,1,1,0
72,73,0,21.0,0,0,1,0,0,0,1,0,1,1,0,0,1,0,0,0,1
73,74,0,26.0,0,0,0,1,1,0,0,0,1,1,0,0,0,1,0,0,1
74,75,1,32.0,0,0,0,1,0,0,1,0,1,1,0,0,1,0,0,0,1
75,76,0,25.0,1,0,0,1,0,0,1,0,1,1,0,0,1,0,0,0,1
76,77,0,16.943333333333335,0,0,0,1,0,0,1,0,1,1,0,0,1,0,0,0,1
77,78,0,8.886666666666667,0,0,0,1,0,0,1,0,1,1,0,0,1,0,0,0,1
78,79,1,0.83,0,0,1,0,0,0,1,0,1,0,0,1,1,0,0,0,1
79,80,1,30.0,0,0,0,1,0,0,1,1,0,1,0,0,1,0,0,1,0
80,81,0,22.0,0,0,0,1,0,0,1,0,1,1,0,0,1,0,0,0,1
81,82,1,29.0,0,0,0,1,0,0,1,0,1,1,0,0,1,0,0,0,1
82,83,1,28.5,0,0,0,1,0,1,0,1,0,1,0,0,1,0,0,1,0
83,84,0,28.0,0,1,0,0,0,0,1,0,1,1,0,0,1,0,0,0,1
84,85,1,17.0,0,0,1,0,0,0,1,1,0,1,0,0,1,0,0,1,0
85,86,1,33.0,0,0,0,1,0,0,1,1,0,1,0,0,0,0,1,1,0
86,87,0,16.0,0,0,0,1,0,0,1,0,1,0,0,1,0,1,0,0,1
87,88,0,19.5,0,0,0,1,0,0,1,0,1,1,0,0,1,0,0,0,1
88,89,1,23.0,1,1,0,0,0,0,1,1,0,0,0,1,0,0,1,1,0
89,90,0,24.0,0,0,0,1,0,0,1,0,1,1,0,0,1,0,0,0,1
90,91,0,29.0,0,0,0,1,0,0,1,0,1,1,0,0,1,0,0,0,1
91,92,0,20.0,0,0,0,1,0,0,1,0,1,1,0,0,1,0,0,0,1
92,93,0,46.0,1,1,0,0,0,0,1,0,1,1,0,0,0,1,0,0,1
93,94,0,26.0,0,0,0,1,0,0,1,0,1,0,0,1,0,1,0,0,1
94,95,0,59.0,0,0,0,1,0,0,1,0,1,1,0,0,1,0,0,0,1
95,96,0,65.0,0,0,0,1,0,0,1,0,1,1,0,0,1,0,0,0,1
96,97,0,71.0,1,1,0,0,1,0,0,0,1,1,0,0,1,0,0,0,1
97,98,1,23.0,1,1,0,0,1,0,0,0,1,0,1,0,1,0,0,0,1
98,99,1,34.0,0,0,1,0,0,0,1,1,0,0,1,0,1,0,0,1,0
99,100,0,34.0,0,0,1,0,0,0,1,0,1,1,0,0,0,1,0,0,1
100,101,0,28.0,0,0,0,1,0,0,1,1,0,1,0,0,1,0,0,1,0
101,102,0,24.5,0,0,0,1,0,0,1,0,1,1,0,0,1,0,0,0,1
102,103,0,21.0,1,1,0,0,0,0,1,0,1,0,1,0,1,0,0,0,1
103,104,0,33.0,0,0,0,1,0,0,1,0,1,1,0,0,1,0,0,0,1
104,105,0,37.0,0,0,0,1,0,0,1,0,1,1,0,0,0,0,1,0,1
105,106,0,28.0,0,0,0,1,0,0,1,0,1,1,0,0,1,0,0,0,1
106,107,1,21.0,0,0,0,1,0,0,1,1,0,1,0,0,1,0,0,1,0
107,108,1,29.5,0,0,0,1,0,0,1,0,1,1,0,0,1,0,0,0,1
108,109,0,38.0,0,0,0,1,0,0,1,0,1,1,0,0,1,0,0,0,1
109,110,1,42.5,0,0,0,1,0,1,0,1,0,1,0,0,0,1,0,1,0
110,111,0,47.0,1,1,0,0,0,0,1,0,1,1,0,0,1,0,0,0,1
111,112,0,14.5,0,0,0,1,1,0,0,1,0,1,0,0,0,1,0,1,0
112,113,0,22.0,0,0,0,1,0,0,1,0,1,1,0,0,1,0,0,0,1
113,114,0,20.0,0,0,0,1,0,0,1,1,0,1,0,0,0,1,0,1,0
114,115,0,17.0,0,0,0,1,1,0,0,1,0,1,0,0,1,0,0,1,0
115,116,0,21.0,0,0,0,1,0,0,1,0,1,1,0,0,1,0,0,0,1
116,117,0,70.5,0,0,0,1,0,1,0,0,1,1,0,0,1,0,0,0,1
117,118,0,29.0,0,0,1,0,0,0,1,0,1,1,0,0,0,1,0,0,1
118,119,0,24.0,1,1,0,0,1,0,0,0,1,0,1,0,1,0,0,0,1
119,120,0,2.0,0,0,0,1,0,0,1,1,0,0,0,1,0,0,1,1,0
120,121,0,21.0,0,0,1,0,0,0,1,0,1,1,0,0,0,0,1,0,1
121,122,0,26.75,0,0,0,1,0,0,1,0,1,1,0,0,1,0,0,0,1
122,123,0,32.5,0,0,1,0,1,0,0,0,1,1,0,0,0,1,0,0,1
123,124,1,32.5,1,0,1,0,0,0,1,1,0,1,0,0,1,0,0,1,0
124,125,0,54.0,1,1,0,0,0,0,1,0,1,0,1,0,1,0,0,0,1
125,126,1,12.0,0,0,0,1,1,0,0,0,1,1,0,0,0,1,0,0,1
126,127,0,18.0,0,0,0,1,0,1,0,0,1,1,0,0,1,0,0,0,1
127,128,1,24.0,0,0,0,1,0,0,1,0,1,1,0,0,1,0,0,0,1
128,129,1,34.5,1,0,0,1,1,0,0,1,0,0,1,0,0,1,0,1,0
129,130,0,45.0,0,0,0,1,0,0,1,0,1,1,0,0,1,0,0,0,1
130,131,0,33.0,0,0,0,1,1,0,0,0,1,1,0,0,1,0,0,0,1
131,132,0,20.0,0,0,0,1,0,0,1,0,1,1,0,0,1,0,0,0,1
132,133,0,47.0,0,0,0,1,0,0,1,1,0,1,0,0,0,1,0,1,0
133,134,1,29.0,0,0,1,0,0,0,1,1,0,1,0,0,0,1,0,1,0
134,135,0,25.0,0,0,1,0,0,0,1,0,1,1,0,0,1,0,0,0,1
135,136,0,23.0,0,0,1,0,1,0,0,0,1,1,0,0,1,0,0,0,1
136,137,1,19.0,1,1,0,0,0,0,1,1,0,0,0,1,1,0,0,1,0
137,138,0,37.0,1,1,0,0,0,0,1,0,1,1,0,0,0,1,0,0,1
138,139,0,16.0,0,0,0,1,0,0,1,0,1,1,0,0,1,0,0,0,1
139,140,0,24.0,1,1,0,0,1,0,0,0,1,1,0,0,1,0,0,0,1
140,141,0,23.0,0,0,0,1,1,0,0,1,0,0,0,1,1,0,0,1,0
141,142,1,22.0,0,0,0,1,0,0,1,1,0,1,0,0,1,0,0,1,0
142,143,1,24.0,0,0,0,1,0,0,1,1,0,1,0,0,0,1,0,1,0
143,144,0,19.0,0,0,0,1,0,1,0,0,1,1,0,0,1,0,0,0,1
144,145,0,18.0,0,0,1,0,0,0,1,0,1,1,0,0,1,0,0,0,1
145,146,0,19.0,0,0,1,0,0,0,1,0,1,0,1,0,0,1,0,0,1
146,147,1,27.0,0,0,0,1,0,0,1,0,1,1,0,0,1,0,0,0,1
147,148,0,9.0,0,0,0,1,0,0,1,1,0,0,0,1,0,0,1,1,0
148,149,0,36.5,1,0,1,0,0,0,1,0,1,0,0,1,1,0,0,0,1
149,150,0,42.0,0,0,1,0,0,0,1,0,1,1,0,0,1,0,0,0,1
150,151,0,51.0,0,0,1,0,0,0,1,0,1,1,0,0,1,0,0,0,1
151,152,1,22.0,1,1,0,0,0,0,1,1,0,1,0,0,0,1,0,1,0
152,153,0,55.5,0,0,0,1,0,0,1,0,1,1,0,0,1,0,0,0,1
153,154,0,40.5,0,0,0,1,0,0,1,0,1,0,0,1,1,0,0,0,1
154,155,0,45.75,0,0,0,1,0,0,1,0,1,1,0,0,1,0,0,0,1
155,156,0,51.0,0,1,0,0,1,0,0,0,1,0,1,0,1,0,0,0,1
156,157,1,16.0,0,0,0,1,0,1,0,1,0,1,0,0,1,0,0,1,0
157,158,0,30.0,0,0,0,1,0,0,1,0,1,1,0,0,1,0,0,0,1
158,159,0,34.666666666666664,0,0,0,1,0,0,1,0,1,1,0,0,1,0,0,0,1
159,160,0,39.333333333333336,0,0,0,1,0,0,1,0,1,0,0,1,0,0,1,0,1
160,161,0,44.0,0,0,0,1,0,0,1,0,1,0,1,0,1,0,0,0,1
161,162,1,40.0,0,0,1,0,0,0,1,1,0,1,0,0,1,0,0,1,0
162,163,0,26.0,0,0,0,1,0,0,1,0,1,1,0,0,1,0,0,0,1
163,164,0,17.0,0,0,0,1,0,0,1,0,1,1,0,0,1,0,0,0,1
164,165,0,1.0,0,0,0,1,0,0,1,0,1,0,1,0,0,0,1,0,1
165,166,1,9.0,0,0,0,1,0,0,1,0,1,0,0,1,1,0,0,0,1
166,167,1,27.0,1,1,0,0,0,0,1,1,0,0,1,0,1,0,0,1,0
167,168,0,45.0,0,0,0,1,0,0,1,1,0,0,0,1,0,1,0,1,0
168,169,0,36.5,0,1,0,0,0,0,1,0,1,1,0,0,1,0,0,0,1
169,170,0,28.0,0,0,0,1,0,0,1,0,1,1,0,0,1,0,0,0,1
170,171,0,61.0,1,1,0,0,0,0,1,0,1,1,0,0,1,0,0,0,1
171,172,0,4.0,0,0,0,1,0,1,0,0,1,0,1,0,0,0,1,0,1
172,173,1,1.0,0,0,0,1,0,0,1,1,0,0,1,0,0,1,0,1,0
173,174,0,21.0,0,0,0,1,0,0,1,0,1,1,0,0,1,0,0,0,1
174,175,0,56.0,1,1,0,0,1,0,0,0,1,1,0,0,1,0,0,0,1
175,176,0,18.0,0,0,0,1,0,0,1,0,1,0,1,0,0,1,0,0,1
176,177,0,34.0,0,0,0,1,0,0,1,0,1,0,1,0,0,0,1,0,1
177,178,0,50.0,1,1,0,0,1,0,0,1,0,1,0,0,1,0,0,1,0
178,179,0,30.0,0,0,1,0,0,0,1,0,1,1,0,0,1,0,0,0,1
179,180,0,36.0,0,0,0,1,0,0,1,0,1,1,0,0,1,0,0,0,1
180,181,0,27.0,0,0,0,1,0,0,1,1,0,0,0,1,0,0,1,1,0
181,182,0,18.0,0,0,1,0,1,0,0,0,1,1,0,0,1,0,0,0,1
182,183,0,9.0,0,0,0,1,0,0,1,0,1,0,0,1,0,0,1,0,1
183,184,1,1.0,1,0,1,0,0,0,1,0,1,0,1,0,0,0,1,0,1
184,185,1,4.0,0,0,0,1,0,0,1,1,0,0,0,1,1,0,0,1,0
185,186,0,17.666666666666664,1,1,0,0,0,0,1,0,1,1,0,0,1,0,0,0,1
186,187,1,31.333333333333332,0,0,0,1,0,1,0,1,0,1,0,0,0,1,0,1,0
187,188,1,45.0,0,1,0,0,0,0,1,0,1,1,0,0,1,0,0,0,1
188,189,0,40.0,0,0,0,1,0,1,0,0,1,0,1,0,0,1,0,0,1
189,190,0,36.0,0,0,0,1,0,0,1,0,1,1,0,0,1,0,0,0,1
190,191,1,32.0,0,0,1,0,0,0,1,1,0,1,0,0,1,0,0,1,0
191,192,0,19.0,0,0,1,0,0,0,1,0,1,1,0,0,1,0,0,0,1
192,193,1,19.0,0,0,0,1,0,0,1,1,0,1,0,0,0,1,0,1,0
193,194,1,3.0,1,0,1,0,0,0,1,0,1,0,1,0,0,1,0,0,1
194,195,1,44.0,1,1,0,0,1,0,0,1,0,1,0,0,1,0,0,1,0
195,196,1,58.0,1,1,0,0,1,0,0,1,0,1,0,0,1,0,0,1,0
196,197,0,50.0,0,0,0,1,0,1,0,0,1,1,0,0,1,0,0,0,1
197,198,0,42.0,0,0,0,1,0,0,1,0,1,0,1,0,1,0,0,0,1
198,199,1,33.0,0,0,0,1,0,1,0,1,0,1,0,0,1,0,0,1,0
199,200,0,24.0,0,0,1,0,0,0,1,1,0,1,0,0,1,0,0,1,0
200,201,0,28.0,0,0,0,1,0,0,1,0,1,1,0,0,1,0,0,0,1
201,202,0,31.0,0,0,0,1,0,0,1,0,1,0,0,1,0,0,1,0,1
202,203,0,34.0,0,0,0,1,0,0,1,0,1,1,0,0,1,0,0,0,1
203,204,0,45.5,0,0,0,1,1,0,0,0,1,1,0,0,1,0,0,0,1
204,205,1,18.0,0,0,0,1,0,0,1,0,1,1,0,0,1,0,0,0,1
205,206,0,2.0,1,0,0,1,0,0,1,1,0,0,1,0,1,0,0,1,0
206,207,0,32.0,0,0,0,1,0,0,1,0,1,1,0,0,0,1,0,0,1
207,208,1,26.0,0,0,0,1,1,0,0,0,1,1,0,0,1,0,0,0,1
208,209,1,16.0,0,0,0,1,0,1,0,1,0,1,0,0,1,0,0,1,0
209,210,1,40.0,1,1,0,0,1,0,0,0,1,1,0,0,1,0,0,0,1
210,211,0,24.0,0,0,0,1,0,0,1,0,1,1,0,0,1,0,0,0,1
211,212,1,35.0,0,0,1,0,0,0,1,1,0,1,0,0,1,0,0,1,0
212,213,0,22.0,0,0,0,1,0,0,1,0,1,1,0,0,1,0,0,0,1
213,214,0,30.0,0,0,1,0,0,0,1,0,1,1,0,0,1,0,0,0,1
214,215,0,30.5,0,0,0,1,0,1,0,0,1,1,0,0,0,1,0,0,1
215,216,1,31.0,1,1,0,0,1,0,0,1,0,1,0,0,0,1,0,1,0
216,217,1,27.0,0,0,0,1,0,0,1,1,0,1,0,0,1,0,0,1,0
217,218,0,42.0,0,0,1,0,0,0,1,0,1,1,0,0,0,1,0,0,1
218,219,1,32.0,1,1,0,0,1,0,0,1,0,1,0,0,1,0,0,1,0
219,220,0,30.0,0,0,1,0,0,0,1,0,1,1,0,0,1,0,0,0,1
220,221,1,16.0,0,0,0,1,0,0,1,0,1,1,0,0,1,0,0,0,1
221,222,0,27.0,0,0,1,0,0,0,1,0,1,1,0,0,1,0,0,0,1
222,223,0,51.0,0,0,0,1,0,0,1,0,1,1,0,0,1,0,0,0,1
223,224,0,44.5,0,0,0,1,0,0,1,0,1,1,0,0,1,0,0,0,1
224,225,1,38.0,1,1,0,0,0,0,1,0,1,1,0,0,0,1,0,0,1
225,226,0,22.0,0,0,0,1,0,0,1,0,1,1,0,0,1,0,0,0,1
226,227,1,19.0,0,0,1,0,0,0,1,0,1,1,0,0,1,0,0,0,1
227,228,0,20.5,0,0,0,1,0,0,1,0,1,1,0,0,1,0,0,0,1
228,229,0,18.0,0,0,1,0,0,0,1,0,1,1,0,0,1,0,0,0,1
229,230,0,26.5,0,0,0,1,0,0,1,1,0,0,1,0,0,0,1,1,0
230,231,1,35.0,1,1,0,0,0,0,1,1,0,1,0,0,0,1,0,1,0
231,232,0,29.0,0,0,0,1,0,0,1,0,1,1,0,0,1,0,0,0,1
232,233,0,59.0,0,0,1,0,0,0,1,0,1,1,0,0,1,0,0,0,1
233,234,1,5.0,0,0,0,1,0,0,1,1,0,0,0,1,0,0,1,1,0
234,235,0,24.0,0,0,1,0,0,0,1,0,1,1,0,0,1,0,0,0,1
235,236,0,34.0,0,0,0,1,0,0,1,1,0,1,0,0,1,0,0,1,0
236,237,0,44.0,0,0,1,0,0,0,1,0,1,1,0,0,0,1,0,0,1
237,238,1,8.0,0,0,1,0,0,0,1,1,0,0,0,1,1,0,0,1,0
238,239,0,19.0,0,0,1,0,0,0,1,0,1,1,0,0,1,0,0,0,1
239,240,0,33.0,0,0,1,0,0,0,1,0,1,1,0,0,1,0,0,0,1
240,241,0,31.666666666666668,0,0,0,1,1,0,0,1,0,1,0,0,0,1,0,1,0
241,242,1,30.333333333333332,0,0,0,1,0,1,0,1,0,1,0,0,0,1,0,1,0
242,243,0,29.0,0,0,1,0,0,0,1,0,1,1,0,0,1,0,0,0,1
243,244,0,22.0,0,0,0,1,0,0,1,0,1,1,0,0,1,0,0,0,1
244,245,0,30.0,0,0,0,1,1,0,0,0,1,1,0,0,1,0,0,0,1
245,246,0,44.0,1,1,0,0,0,1,0,0,1,1,0,0,0,0,1,0,1
246,247,0,25.0,0,0,0,1,0,0,1,1,0,1,0,0,1,0,0,1,0
247,248,1,24.0,0,0,1,0,0,0,1,1,0,0,0,1,1,0,0,1,0
248,249,1,37.0,1,1,0,0,0,0,1,0,1,0,1,0,0,1,0,0,1
249,250,0,54.0,0,0,1,0,0,0,1,0,1,1,0,0,0,1,0,0,1
250,251,0,41.5,0,0,0,1,0,0,1,0,1,1,0,0,1,0,0,0,1
251,252,0,29.0,1,0,0,1,0,0,1,1,0,0,1,0,0,1,0,1,0
252,253,0,62.0,1,1,0,0,0,0,1,0,1,1,0,0,1,0,0,0,1
253,254,0,30.0,0,0,0,1,0,0,1,0,1,1,0,0,0,1,0,0,1
254,255,0,41.0,0,0,0,1,0,0,1,1,0,0,0,1,1,0,0,1,0
255,256,1,29.0,0,0,0,1,1,0,0,1,0,0,0,1,1,0,0,1,0
256,257,1,29.5,0,1,0,0,1,0,0,1,0,1,0,0,1,0,0,1,0
257,258,1,30.0,1,1,0,0,0,0,1,1,0,1,0,0,1,0,0,1,0
258,259,1,35.0,0,1,0,0,1,0,0,1,0,1,0,0,1,0,0,1,0
259,260,1,50.0,0,0,1,0,0,0,1,1,0,0,1,0,1,0,0,1,0
260,261,0,26.5,0,0,0,1,0,1,0,0,1,1,0,0,1,0,0,0,1
261,262,1,3.0,0,0,0,1,0,0,1,0,1,0,0,1,0,0,1,0,1
262,263,0,52.0,1,1,0,0,0,0,1,0,1,0,1,0,0,1,0,0,1
263,264,0,40.0,1,1,0,0,0,0,1,0,1,1,0,0,1,0,0,0,1
264,265,0,38.0,0,0,0,1,0,1,0,1,0,1,0,0,1,0,0,1,0
265,266,0,36.0,0,0,1,0,0,0,1,0,1,1,0,0,1,0,0,0,1
266,267,0,16.0,0,0,0,1,0,0,1,0,1,0,1,0,0,0,1,0,1
267,268,1,25.0,0,0,0,1,0,0,1,0,1,1,0,0,0,1,0,0,1
268,269,1,58.0,1,1,0,0,0,0,1,1,0,0,1,0,1,0,0,1,0
269,270,1,35.0,1,1,0,0,0,0,1,1,0,1,0,0,1,0,0,1,0
270,271,0,30.0,0,1,0,0,0,0,1,0,1,1,0,0,1,0,0,0,1
271,272,1,25.0,0,0,0,1,0,0,1,0,1,1,0,0,1,0,0,0,1
272,273,1,41.0,0,0,1,0,0,0,1,1,0,0,1,0,1,0,0,1,0
273,274,0,37.0,1,1,0,0,1,0,0,0,1,0,1,0,1,0,0,0,1
274,275,1,50.0,0,0,0,1,0,1,0,1,0,1,0,0,1,0,0,1,0
275,276,1,63.0,1,1,0,0,0,0,1,1,0,1,0,0,0,1,0,1,0
276,277,0,45.0,0,0,0,1,0,0,1,1,0,1,0,0,1,0,0,1,0
277,278,0,26.0,0,0,1,0,0,0,1,0,1,1,0,0,1,0,0,0,1
278,279,0,7.0,0,0,0,1,0,1,0,0,1,0,1,0,0,0,1,0,1
279,280,1,35.0,0,0,0,1,0,0,1,1,0,0,1,0,0,1,0,1,0
280,281,0,65.0,0,0,0,1,0,1,0,0,1,1,0,0,1,0,0,0,1
281,282,0,28.0,0,0,0,1,0,0,1,0,1,1,0,0,1,0,0,0,1
282,283,0,16.0,0,0,0,1,0,0,1,0,1,1,0,0,1,0,0,0,1
283,284,1,19.0,0,0,0,1,0,0,1,0,1,1,0,0,1,0,0,0,1
284,285,0,26.0,1,1,0,0,0,0,1,0,1,1,0,0,1,0,0,0,1
285,286,0,33.0,0,0,0,1,1,0,0,0,1,1,0,0,1,0,0,0,1
286,287,1,30.0,0,0,0,1,0,0,1,0,1,1,0,0,1,0,0,0,1
287,288,0,22.0,0,0,0,1,0,0,1,0,1,1,0,0,1,0,0,0,1
288,289,1,42.0,0,0,1,0,0,0,1,0,1,1,0,0,1,0,0,0,1
289,290,1,22.0,0,0,0,1,0,1,0,1,0,1,0,0,1,0,0,1,0
290,291,1,26.0,0,1,0,0,0,0,1,1,0,1,0,0,1,0,0,1,0
291,292,1,19.0,1,1,0,0,1,0,0,1,0,1,0,0,0,1,0,1,0
292,293,0,36.0,1,0,1,0,1,0,0,0,1,1,0,0,1,0,0,0,1
293,294,0,24.0,0,0,0,1,0,0,1,1,0,1,0,0,1,0,0,1,0
294,295,0,24.0,0,0,0,1,0,0,1,0,1,1,0,0,1,0,0,0,1
295,296,0,23.75,0,1,0,0,1,0,0,0,1,1,0,0,1,0,0,0,1
296,297,0,23.5,0,0,0,1,1,0,0,0,1,1,0,0,1,0,0,0,1
297,298,0,2.0,1,1,0,0,0,0,1,1,0,0,0,1,0,1,0,1,0
298,299,1,26.0,1,1,0,0,0,0,1,0,1,1,0,0,1,0,0,0,1
299,300,1,50.0,1,1,0,0,1,0,0,1,0,0,1,0,1,0,0,1,0
300,301,1,39.666666666666664,0,0,0,1,0,1,0,1,0,1,0,0,1,0,0,1,0
301,302,1,29.333333333333332,0,0,0,1,0,1,0,0,1,1,0,0,0,0,1,0,1
302,303,0,19.0,0,0,0,1,0,0,1,0,1,1,0,0,1,0,0,0,1
303,304,1,12.973333333333333,1,0,1,0,0,1,0,1,0,1,0,0,1,0,0,1,0
304,305,0,6.946666666666667,0,0,0,1,0,0,1,0,1,1,0,0,1,0,0,0,1
305,306,1,0.92,1,1,0,0,0,0,1,0,1,0,0,1,0,1,0,0,1
306,307,1,8.959999999999999,0,1,0,0,1,0,0,1,0,1,0,0,1,0,0,1,0
307,308,1,17.0,1,1,0,0,1,0,0,1,0,1,0,0,0,1,0,1,0
308,309,0,30.0,0,0,1,0,1,0,0,0,1,1,0,0,0,1,0,0,1
309,310,1,30.0,1,1,0,0,1,0,0,1,0,1,0,0,1,0,0,1,0
310,311,1,24.0,1,1,0,0,1,0,0,1,0,1,0,0,1,0,0,1,0
311,312,1,18.0,1,1,0,0,1,0,0,1,0,0,0,1,0,0,1,1,0
312,313,0,26.0,0,0,1,0,0,0,1,1,0,0,1,0,0,1,0,1,0
313,314,0,28.0,0,0,0,1,0,0,1,0,1,1,0,0,1,0,0,0,1
314,315,0,43.0,0,0,1,0,0,0,1,0,1,0,1,0,0,1,0,0,1
315,316,1,26.0,0,0,0,1,0,0,1,1,0,1,0,0,1,0,0,1,0
316,317,1,24.0,0,0,1,0,0,0,1,1,0,1,0,0,0,1,0,1,0
317,318,0,54.0,0,0,1,0,0,0,1,0,1,1,0,0,1,0,0,0,1
318,319,1,31.0,1,1,0,0,0,0,1,1,0,0,0,1,1,0,0,1,0
319,320,1,40.0,1,1,0,0,1,0,0,1,0,0,1,0,0,1,0,1,0
320,321,0,22.0,0,0,0,1,0,0,1,0,1,1,0,0,1,0,0,0,1
321,322,0,27.0,0,0,0,1,0,0,1,0,1,1,0,0,1,0,0,0,1
322,323,1,30.0,0,0,1,0,0,1,0,1,0,1,0,0,1,0,0,1,0
323,324,1,22.0,0,0,1,0,0,0,1,1,0,0,1,0,0,1,0,1,0
324,325,0,29.0,0,0,0,1,0,0,1,0,1,0,0,1,0,0,1,0,1
325,326,1,36.0,1,1,0,0,1,0,0,1,0,1,0,0,1,0,0,1,0
326,327,0,61.0,0,0,0,1,0,0,1,0,1,1,0,0,1,0,0,0,1
327,328,1,36.0,1,0,1,0,0,0,1,1,0,1,0,0,1,0,0,1,0
328,329,1,31.0,0,0,0,1,0,0,1,1,0,0,1,0,0,1,0,1,0
329,330,1,16.0,1,1,0,0,1,0,0,1,0,0,1,0,1,0,0,1,0
330,331,1,30.75,0,0,0,1,0,1,0,1,0,1,0,0,0,0,1,1,0
331,332,0,45.5,1,1,0,0,0,0,1,0,1,1,0,0,1,0,0,0,1
332,333,0,38.0,1,1,0,0,0,0,1,0,1,0,1,0,1,0,0,0,1
333,334,0,16.0,0,0,0,1,0,0,1,0,1,1,0,0,0,0,1,0,1
334,335,1,20.333333333333332,0,1,0,0,0,0,1,1,0,1,0,0,0,1,0,1,0
335,336,0,24.666666666666664,0,0,0,1,0,0,1,0,1,1,0,0,1,0,0,0,1
336,337,0,29.0,1,1,0,0,0,0,1,0,1,1,0,0,0,1,0,0,1
337,338,1,41.0,1,1,0,0,1,0,0,1,0,1,0,0,1,0,0,1,0
338,339,1,45.0,0,0,0,1,0,0,1,0,1,1,0,0,1,0,0,0,1
339,340,0,45.0,1,1,0,0,0,0,1,0,1,1,0,0,1,0,0,0,1
340,341,1,2.0,1,0,1,0,0,0,1,0,1,0,1,0,0,1,0,0,1
341,342,1,24.0,1,1,0,0,0,0,1,1,0,0,0,1,0,0,1,1,0
342,343,0,28.0,0,0,1,0,0,0,1,0,1,1,0,0,1,0,0,0,1
343,344,0,25.0,0,0,1,0,0,0,1,0,1,1,0,0,1,0,0,0,1
344,345,0,36.0,0,0,1,0,0,0,1,0,1,1,0,0,1,0,0,0,1
345,346,1,24.0,1,0,1,0,0,0,1,1,0,1,0,0,1,0,0,1,0
346,347,1,40.0,0,0,1,0,0,0,1,1,0,1,0,0,1,0,0,1,0
347,348,1,21.5,0,0,0,1,0,0,1,1,0,1,0,0,0,1,0,1,0
348,349,1,3.0,0,0,0,1,0,0,1,0,1,0,1,0,0,1,0,0,1
349,350,0,42.0,0,0,0,1,0,0,1,0,1,1,0,0,1,0,0,0,1
350,351,0,23.0,0,0,0,1,0,0,1,0,1,1,0,0,1,0,0,0,1
351,352,0,19.0,1,1,0,0,0,0,1,0,1,1,0,0,1,0,0,0,1
352,353,0,15.0,0,0,0,1,1,0,0,0,1,0,1,0,0,1,0,0,1
353,354,0,25.0,0,0,0,1,0,0,1,0,1,1,0,0,0,1,0,0,1
354,355,0,26.5,0,0,0,1,1,0,0,0,1,1,0,0,1,0,0,0,1
355,356,0,28.0,0,0,0,1,0,0,1,0,1,1,0,0,1,0,0,0,1
356,357,1,22.0,1,1,0,0,0,0,1,1,0,0,1,0,1,0,0,1,0
357,358,0,38.0,0,0,1,0,0,0,1,1,0,1,0,0,1,0,0,1,0
358,359,1,38.666666666666664,0,0,0,1,0,1,0,1,0,1,0,0,1,0,0,1,0
359,360,1,39.333333333333336,0,0,0,1,0,1,0,1,0,1,0,0,1,0,0,1,0
360,361,0,40.0,0,0,0,1,0,0,1,0,1,0,0,1,0,1,0,0,1
361,362,0,29.0,0,0,1,0,1,0,0,0,1,1,0,0,0,1,0,0,1
362,363,0,45.0,0,0,0,1,1,0,0,1,0,0,1,0,1,0,0,1,0
363,364,0,35.0,0,0,0,1,0,0,1,0,1,1,0,0,1,0,0,0,1
364,365,0,32.5,0,0,0,1,0,1,0,0,1,1,0,0,0,1,0,0,1
365,366,0,30.0,0,0,0,1,0,0,1,0,1,1,0,0,1,0,0,0,1
366,367,1,60.0,1,1,0,0,1,0,0,1,0,1,0,0,0,1,0,1,0
367,368,1,48.0,0,0,0,1,1,0,0,1,0,1,0,0,1,0,0,1,0
368,369,1,36.0,0,0,0,1,0,1,0,1,0,1,0,0,1,0,0,1,0
369,370,1,24.0,1,1,0,0,1,0,0,1,0,1,0,0,1,0,0,1,0
370,371,1,25.0,1,1,0,0,1,0,0,0,1,1,0,0,0,1,0,0,1
371,372,0,18.0,0,0,0,1,0,0,1,0,1,1,0,0,0,1,0,0,1
372,373,0,19.0,0,0,0,1,0,0,1,0,1,1,0,0,1,0,0,0,1
373,374,0,22.0,0,1,0,0,1,0,0,0,1,1,0,0,1,0,0,0,1
374,375,0,3.0,0,0,0,1,0,0,1,1,0,0,1,0,0,0,1,1,0
375,376,1,12.5,0,1,0,0,1,0,0,1,0,1,0,0,0,1,0,1,0
376,377,1,22.0,0,0,0,1,0,0,1,1,0,1,0,0,1,0,0,1,0
377,378,0,27.0,1,1,0,0,1,0,0,0,1,0,0,1,1,0,0,0,1
378,379,0,20.0,0,0,0,1,1,0,0,0,1,1,0,0,1,0,0,0,1
379,380,0,19.0,0,0,0,1,0,0,1,0,1,1,0,0,1,0,0,0,1
380,381,1,42.0,0,1,0,0,1,0,0,1,0,1,0,0,1,0,0,1,0
381,382,1,1.0,0,0,0,1,1,0,0,1,0,0,0,1,1,0,0,1,0
382,383,0,32.0,0,0,0,1,0,0,1,0,1,1,0,0,1,0,0,0,1
383,384,1,35.0,0,1,0,0,0,0,1,1,0,1,0,0,0,1,0,1,0
384,385,0,26.5,0,0,0,1,0,0,1,0,1,1,0,0,1,0,0,0,1
385,386,0,18.0,0,0,1,0,0,0,1,0,1,1,0,0,1,0,0,0,1
386,387,0,1.0,0,0,0,1,0,0,1,0,1,0,0,1,0,0,1,0,1
387,388,1,36.0,0,0,1,0,0,0,1,1,0,1,0,0,1,0,0,1,0
388,389,0,26.5,0,0,0,1,0,1,0,0,1,1,0,0,1,0,0,0,1
389,390,1,17.0,0,0,1,0,1,0,0,1,0,1,0,0,1,0,0,1,0
390,391,1,36.0,1,1,0,0,0,0,1,0,1,0,0,1,0,1,0,0,1
391,392,1,21.0,0,0,0,1,0,0,1,0,1,1,0,0,1,0,0,0,1
392,393,0,28.0,0,0,0,1,0,0,1,0,1,1,0,0,0,0,1,0,1
393,394,1,23.0,1,1,0,0,1,0,0,1,0,1,0,0,0,1,0,1,0
394,395,1,24.0,1,0,0,1,0,0,1,1,0,0,0,1,1,0,0,1,0
395,396,0,22.0,0,0,0,1,0,0,1,0,1,1,0,0,1,0,0,0,1
396,397,0,31.0,0,0,0,1,0,0,1,1,0,1,0,0,1,0,0,1,0
397,398,0,46.0,0,0,1,0,0,0,1,0,1,1,0,0,1,0,0,0,1
398,399,0,23.0,0,0,1,0,0,0,1,0,1,1,0,0,1,0,0,0,1
399,400,1,28.0,0,0,1,0,0,0,1,1,0,1,0,0,1,0,0,1,0
400,401,1,39.0,0,0,0,1,0,0,1,0,1,1,0,0,1,0,0,0,1
401,402,0,26.0,0,0,0,1,0,0,1,0,1,1,0,0,1,0,0,0,1
402,403,0,21.0,0,0,0,1,0,0,1,1,0,1,0,0,0,1,0,1,0
403,404,0,28.0,0,0,0,1,0,0,1,0,1,1,0,0,0,1,0,0,1
404,405,0,20.0,0,0,0,1,0,0,1,1,0,1,0,0,1,0,0,1,0
405,406,0,34.0,0,0,1,0,0,0,1,0,1,1,0,0,0,1,0,0,1
406,407,0,51.0,0,0,0,1,0,0,1,0,1,1,0,0,1,0,0,0,1
407,408,1,3.0,0,0,1,0,0,0,1,0,1,0,1,0,0,1,0,0,1
408,409,0,21.0,0,0,0,1,0,0,1,0,1,1,0,0,1,0,0,0,1
409,410,0,24.0,0,0,0,1,0,0,1,1,0,0,1,0,0,0,1,1,0
410,411,0,27.0,0,0,0,1,0,0,1,0,1,1,0,0,1,0,0,0,1
411,412,0,30.0,0,0,0,1,0,1,0,0,1,1,0,0,1,0,0,0,1
412,413,1,33.0,1,1,0,0,0,1,0,1,0,1,0,0,0,1,0,1,0
413,414,0,38.5,0,0,1,0,0,0,1,0,1,1,0,0,1,0,0,0,1
414,415,1,44.0,0,0,0,1,0,0,1,0,1,1,0,0,1,0,0,0,1
415,416,0,39.0,0,0,0,1,0,0,1,1,0,1,0,0,1,0,0,1,0
416,417,1,34.0,0,0,1,0,0,0,1,1,0,0,1,0,0,1,0,1,0
417,418,1,18.0,0,0,1,0,0,0,1,1,0,0,0,1,1,0,0,1,0
418,419,0,30.0,0,0,1,0,0,0,1,0,1,1,0,0,1,0,0,0,1
419,420,0,10.0,0,0,0,1,0,0,1,1,0,0,0,1,1,0,0,1,0
420,421,0,15.5,0,0,0,1,1,0,0,0,1,1,0,0,1,0,0,0,1
421,422,0,21.0,0,0,0,1,0,1,0,0,1,1,0,0,1,0,0,0,1
422,423,0,29.0,0,0,0,1,0,0,1,0,1,1,0,0,1,0,0,0,1
423,424,0,28.0,0,0,0,1,0,0,1,1,0,0,1,0,0,1,0,1,0
424,425,0,18.0,0,0,0,1,0,0,1,0,1,0,1,0,0,1,0,0,1
425,426,0,23.0,0,0,0,1,0,0,1,0,1,1,0,0,1,0,0,0,1
426,427,1,28.0,0,0,1,0,0,0,1,1,0,1,0,0,0,1,0,1,0
427,428,1,19.0,0,0,1,0,0,0,1,1,0,1,0,0,1,0,0,1,0
428,429,0,25.5,0,0,0,1,0,1,0,0,1,1,0,0,1,0,0,0,1
429,430,1,32.0,1,0,0,1,0,0,1,0,1,1,0,0,1,0,0,0,1
430,431,1,28.0,1,1,0,0,0,0,1,0,1,1,0,0,1,0,0,0,1
431,432,1,35.0,0,0,0,1,0,0,1,1,0,1,0,0,0,1,0,1,0
432,433,1,42.0,0,0,1,0,0,0,1,1,0,1,0,0,0,1,0,1,0
433,434,0,17.0,0,0,0,1,0,0,1,0,1,1,0,0,1,0,0,0,1
434,435,0,50.0,1,1,0,0,0,0,1,0,1,1,0,0,0,1,0,0,1
435,436,1,14.0,1,1,0,0,0,0,1,1,0,0,0,1,0,1,0,1,0
436,437,0,21.0,0,0,0,1,0,0,1,1,0,0,0,1,0,0,1,1,0
437,438,1,24.0,0,0,1,0,0,0,1,1,0,0,0,1,0,0,1,1,0
438,439,0,64.0,1,1,0,0,0,0,1,0,1,0,0,1,0,1,0,0,1
439,440,0,31.0,0,0,1,0,0,0,1,0,1,1,0,0,1,0,0,0,1
440,441,1,45.0,0,0,1,0,0,0,1,1,0,0,1,0,0,1,0,1,0
441,442,0,20.0,0,0,0,1,0,0,1,0,1,1,0,0,1,0,0,0,1
442,443,0,25.0,0,0,0,1,0,0,1,0,1,1,0,0,0,1,0,0,1
443,444,1,28.0,0,0,1,0,0,0,1,1,0,1,0,0,1,0,0,1,0
444,445,1,16.0,0,0,0,1,0,0,1,0,1,1,0,0,1,0,0,0,1
445,446,1,4.0,1,1,0,0,0,0,1,0,1,0,0,1,1,0,0,0,1
446,447,1,13.0,0,0,1,0,0,0,1,1,0,0,1,0,1,0,0,1,0
447,448,1,34.0,0,1,0,0,0,0,1,0,1,1,0,0,1,0,0,0,1
448,449,1,5.0,0,0,0,1,1,0,0,1,0,0,1,0,0,0,1,1,0
449,450,1,52.0,1,1,0,0,0,0,1,0,1,1,0,0,1,0,0,0,1
450,451,0,36.0,0,0,1,0,0,0,1,0,1,0,0,1,0,1,0,0,1
451,452,0,33.0,0,0,0,1,0,0,1,0,1,1,0,0,0,1,0,0,1
452,453,0,30.0,1,1,0,0,1,0,0,0,1,1,0,0,1,0,0,0,1
453,454,1,49.0,1,1,0,0,1,0,0,0,1,1,0,0,0,1,0,0,1
454,455,0,39.0,0,0,0,1,0,0,1,0,1,1,0,0,1,0,0,0,1
455,456,1,29.0,0,0,0,1,1,0,0,0,1,1,0,0,1,0,0,0,1
456,457,0,65.0,1,1,0,0,0,0,1,0,1,1,0,0,1,0,0,0,1
457,458,1,57.5,1,1,0,0,0,0,1,1,0,1,0,0,0,1,0,1,0
458,459,1,50.0,0,0,1,0,0,0,1,1,0,1,0,0,1,0,0,1,0
459,460,0,49.0,0,0,0,1,0,1,0,0,1,1,0,0,1,0,0,0,1
460,461,1,48.0,1,1,0,0,0,0,1,0,1,1,0,0,1,0,0,0,1
461,462,0,34.0,0,0,0,1,0,0,1,0,1,1,0,0,1,0,0,0,1
462,463,0,47.0,1,1,0,0,0,0,1,0,1,1,0,0,1,0,0,0,1
463,464,0,48.0,0,0,1,0,0,0,1,0,1,1,0,0,1,0,0,0,1
464,465,0,43.0,0,0,0,1,0,0,1,0,1,1,0,0,1,0,0,0,1
465,466,0,38.0,0,0,0,1,0,0,1,0,1,1,0,0,1,0,0,0,1
466,467,0,47.0,0,0,1,0,0,0,1,0,1,1,0,0,1,0,0,0,1
467,468,0,56.0,0,1,0,0,0,0,1,0,1,1,0,0,1,0,0,0,1
468,469,0,28.375,0,0,0,1,0,1,0,0,1,1,0,0,1,0,0,0,1
469,470,1,0.75,0,0,0,1,1,0,0,1,0,0,1,0,0,0,1,1,0
470,471,0,19.375,0,0,0,1,0,0,1,0,1,1,0,0,1,0,0,0,1
471,472,0,38.0,0,0,0,1,0,0,1,0,1,1,0,0,1,0,0,0,1
472,473,1,33.0,0,0,1,0,0,0,1,1,0,0,0,1,0,1,0,1,0
473,474,1,23.0,1,0,1,0,1,0,0,1,0,1,0,0,1,0,0,1,0
474,475,0,22.0,0,0,0,1,0,0,1,1,0,1,0,0,1,0,0,1,0
475,476,0,28.0,1,1,0,0,0,0,1,0,1,1,0,0,1,0,0,0,1
476,477,0,34.0,0,0,1,0,0,0,1,0,1,1,0,0,0,1,0,0,1
477,478,0,29.0,0,0,0,1,0,0,1,0,1,1,0,0,0,1,0,0,1
478,479,0,22.0,0,0,0,1,0,0,1,0,1,1,0,0,1,0,0,0,1
479,480,1,2.0,0,0,0,1,0,0,1,1,0,0,1,0,1,0,0,1,0
480,481,0,9.0,0,0,0,1,0,0,1,0,1,0,0,1,0,0,1,0,1
481,482,0,29.5,0,0,1,0,0,0,1,0,1,1,0,0,1,0,0,0,1
482,483,0,50.0,0,0,0,1,0,0,1,0,1,1,0,0,1,0,0,0,1
483,484,1,63.0,0,0,0,1,0,0,1,1,0,1,0,0,1,0,0,1,0
484,485,1,25.0,1,1,0,0,1,0,0,0,1,1,0,0,0,1,0,0,1
485,486,0,30.0,0,0,0,1,0,0,1,1,0,0,1,0,0,0,1,1,0
486,487,1,35.0,1,1,0,0,0,0,1,1,0,1,0,0,0,1,0,1,0
487,488,0,58.0,1,1,0,0,1,0,0,0,1,1,0,0,1,0,0,0,1
488,489,0,30.0,0,0,0,1,0,0,1,0,1,1,0,0,1,0,0,0,1
489,490,1,9.0,0,0,0,1,0,0,1,0,1,0,1,0,0,1,0,0,1
490,491,0,15.0,0,0,0,1,0,0,1,0,1,1,0,0,0,1,0,0,1
491,492,0,21.0,0,0,0,1,0,0,1,0,1,1,0,0,1,0,0,0,1
492,493,0,55.0,1,1,0,0,0,0,1,0,1,1,0,0,1,0,0,0,1
493,494,0,71.0,0,1,0,0,1,0,0,0,1,1,0,0,1,0,0,0,1
494,495,0,21.0,0,0,0,1,0,0,1,0,1,1,0,0,1,0,0,0,1
495,496,0,37.5,0,0,0,1,1,0,0,0,1,1,0,0,1,0,0,0,1
496,497,1,54.0,1,1,0,0,1,0,0,1,0,1,0,0,0,1,0,1,0
497,498,0,39.5,0,0,0,1,0,0,1,0,1,1,0,0,1,0,0,0,1
498,499,0,25.0,1,1,0,0,0,0,1,1,0,0,0,1,0,1,0,1,0
499,500,0,24.0,0,0,0,1,0,0,1,0,1,1,0,0,1,0,0,0,1
500,501,0,17.0,0,0,0,1,0,0,1,0,1,1,0,0,1,0,0,0,1
501,502,0,21.0,0,0,0,1,0,1,0,1,0,1,0,0,1,0,0,1,0
502,503,0,29.0,0,0,0,1,0,1,0,1,0,1,0,0,1,0,0,1,0
503,504,0,37.0,0,0,0,1,0,0,1,1,0,1,0,0,1,0,0,1,0
504,505,1,16.0,1,1,0,0,0,0,1,1,0,1,0,0,1,0,0,1,0
505,506,0,18.0,1,1,0,0,1,0,0,0,1,1,0,0,0,1,0,0,1
506,507,1,33.0,0,0,1,0,0,0,1,1,0,0,0,1,1,0,0,1,0
507,508,1,30.5,0,1,0,0,0,0,1,0,1,1,0,0,1,0,0,0,1
508,509,0,28.0,0,0,0,1,0,0,1,0,1,1,0,0,1,0,0,0,1
509,510,1,26.0,0,0,0,1,0,0,1,0,1,1,0,0,1,0,0,0,1
510,511,1,29.0,0,0,0,1,0,1,0,0,1,1,0,0,1,0,0,0,1
511,512,0,32.5,0,0,0,1,0,0,1,0,1,1,0,0,1,0,0,0,1
512,513,1,36.0,1,1,0,0,0,0,1,0,1,1,0,0,1,0,0,0,1
513,514,1,54.0,0,1,0,0,1,0,0,1,0,1,0,0,0,1,0,1,0
514,515,0,24.0,0,0,0,1,0,0,1,0,1,1,0,0,1,0,0,0,1
515,516,0,47.0,1,1,0,0,0,0,1,0,1,1,0,0,1,0,0,0,1
516,517,1,34.0,1,0,1,0,0,0,1,1,0,1,0,0,1,0,0,1,0
517,518,0,35.0,0,0,0,1,0,1,0,0,1,1,0,0,1,0,0,0,1
518,519,1,36.0,0,0,1,0,0,0,1,1,0,1,0,0,0,1,0,1,0
519,520,0,32.0,0,0,0,1,0,0,1,0,1,1,0,0,1,0,0,0,1
520,521,1,30.0,1,1,0,0,0,0,1,1,0,1,0,0,1,0,0,1,0
521,522,0,22.0,0,0,0,1,0,0,1,0,1,1,0,0,1,0,0,0,1
522,523,0,33.0,0,0,0,1,1,0,0,0,1,1,0,0,1,0,0,0,1
523,524,1,44.0,1,1,0,0,1,0,0,1,0,0,1,0,1,0,0,1,0
524,525,0,42.25,0,0,0,1,1,0,0,0,1,1,0,0,1,0,0,0,1
525,526,0,40.5,0,0,0,1,0,1,0,0,1,1,0,0,1,0,0,0,1
526,527,1,50.0,0,0,1,0,0,0,1,1,0,1,0,0,1,0,0,1,0
527,528,0,44.5,1,1,0,0,0,0,1,0,1,1,0,0,1,0,0,0,1
528,529,0,39.0,0,0,0,1,0,0,1,0,1,1,0,0,1,0,0,0,1
529,530,0,23.0,0,0,1,0,0,0,1,0,1,0,1,0,0,0,1,0,1
530,531,1,2.0,0,0,1,0,0,0,1,1,0,0,1,0,0,1,0,1,0
531,532,0,9.5,0,0,0,1,1,0,0,0,1,1,0,0,1,0,0,0,1
532,533,0,17.0,0,0,0,1,1,0,0,0,1,0,1,0,0,1,0,0,1
533,534,1,23.5,0,0,0,1,1,0,0,1,0,0,0,1,1,0,0,1,0
534,535,0,30.0,0,0,0,1,0,0,1,1,0,1,0,0,1,0,0,1,0
535,536,1,7.0,0,0,1,0,0,0,1,1,0,0,0,1,1,0,0,1,0
536,537,0,45.0,1,1,0,0,0,0,1,0,1,1,0,0,1,0,0,0,1
537,538,1,30.0,0,1,0,0,1,0,0,1,0,1,0,0,1,0,0,1,0
538,539,0,26.0,0,0,0,1,0,0,1,0,1,1,0,0,1,0,0,0,1
539,540,1,22.0,1,1,0,0,1,0,0,1,0,0,0,1,1,0,0,1,0
540,541,1,36.0,1,1,0,0,0,0,1,1,0,0,0,1,1,0,0,1,0
541,542,0,9.0,0,0,0,1,0,0,1,1,0,0,0,1,0,0,1,1,0
542,543,0,11.0,0,0,0,1,0,0,1,1,0,0,0,1,0,0,1,1,0
543,544,1,32.0,0,0,1,0,0,0,1,0,1,1,0,0,0,1,0,0,1
544,545,0,50.0,1,1,0,0,1,0,0,0,1,1,0,0,0,1,0,0,1
545,546,0,64.0,0,1,0,0,0,0,1,0,1,1,0,0,1,0,0,0,1
546,547,1,19.0,0,0,1,0,0,0,1,1,0,1,0,0,0,1,0,1,0
547,548,1,26.0,0,0,1,0,1,0,0,0,1,1,0,0,1,0,0,0,1
548,549,0,33.0,0,0,0,1,0,0,1,0,1,0,1,0,0,1,0,0,1
549,550,1,8.0,0,0,1,0,0,0,1,0,1,0,1,0,0,1,0,0,1
550,551,1,17.0,1,1,0,0,1,0,0,0,1,0,0,1,1,0,0,0,1
551,552,0,27.0,0,0,1,0,0,0,1,0,1,1,0,0,1,0,0,0,1
552,553,0,24.5,0,0,0,1,0,1,0,0,1,1,0,0,1,0,0,0,1
553,554,1,22.0,0,0,0,1,1,0,0,0,1,1,0,0,1,0,0,0,1
554,555,1,22.0,0,0,0,1,0,0,1,1,0,1,0,0,1,0,0,1,0
555,556,0,62.0,0,1,0,0,0,0,1,0,1,1,0,0,1,0,0,0,1
556,557,1,48.0,1,1,0,0,1,0,0,1,0,1,0,0,0,1,0,1,0
557,558,0,43.5,0,1,0,0,1,0,0,0,1,1,0,0,1,0,0,0,1
558,559,1,39.0,1,1,0,0,0,0,1,1,0,0,1,0,0,1,0,1,0
559,560,1,36.0,0,0,0,1,0,0,1,1,0,1,0,0,0,1,0,1,0
560,561,0,38.0,0,0,0,1,0,1,0,0,1,1,0,0,1,0,0,0,1
561,562,0,40.0,0,0,0,1,0,0,1,0,1,1,0,0,1,0,0,0,1
562,563,0,28.0,0,0,1,0,0,0,1,0,1,1,0,0,1,0,0,0,1
563,564,0,26.666666666666668,0,0,0,1,0,0,1,0,1,1,0,0,1,0,0,0,1
564,565,0,25.333333333333332,0,0,0,1,0,0,1,1,0,1,0,0,1,0,0,1,0
565,566,0,24.0,0,0,0,1,0,0,1,0,1,1,0,0,0,0,1,0,1
566,567,0,19.0,0,0,0,1,0,0,1,0,1,1,0,0,1,0,0,0,1
567,568,0,29.0,0,0,0,1,0,0,1,1,0,0,0,1,1,0,0,1,0
568,569,0,30.5,0,0,0,1,1,0,0,0,1,1,0,0,1,0,0,0,1
569,570,1,32.0,0,0,0,1,0,0,1,0,1,1,0,0,1,0,0,0,1
570,571,1,62.0,0,0,1,0,0,0,1,0,1,1,0,0,1,0,0,0,1
571,572,1,53.0,1,1,0,0,0,0,1,1,0,1,0,0,0,0,1,1,0
572,573,1,36.0,1,1,0,0,0,0,1,0,1,1,0,0,1,0,0,0,1
573,574,1,26.0,0,0,0,1,0,1,0,1,0,1,0,0,1,0,0,1,0
574,575,0,16.0,0,0,0,1,0,0,1,0,1,1,0,0,1,0,0,0,1
575,576,0,19.0,0,0,0,1,0,0,1,0,1,1,0,0,1,0,0,0,1
576,577,1,34.0,0,0,1,0,0,0,1,1,0,1,0,0,1,0,0,1,0
577,578,1,39.0,1,1,0,0,0,0,1,1,0,1,0,0,0,1,0,1,0
578,579,0,35.5,0,0,0,1,1,0,0,1,0,1,0,0,0,1,0,1,0
579,580,1,32.0,0,0,0,1,0,0,1,0,1,1,0,0,1,0,0,0,1
580,581,1,25.0,0,0,1,0,0,0,1,1,0,0,1,0,0,1,0,1,0
581,582,1,39.0,1,1,0,0,1,0,0,1,0,0,1,0,0,1,0,1,0
582,583,0,54.0,0,0,1,0,0,0,1,0,1,1,0,0,1,0,0,0,1
583,584,0,36.0,1,1,0,0,1,0,0,0,1,1,0,0,1,0,0,0,1
584,585,0,27.0,0,0,0,1,1,0,0,0,1,1,0,0,1,0,0,0,1
585,586,1,18.0,1,1,0,0,0,0,1,1,0,0,0,1,1,0,0,1,0
586,587,0,47.0,0,0,1,0,0,0,1,0,1,1,0,0,1,0,0,0,1
587,588,1,60.0,1,1,0,0,1,0,0,0,1,0,1,0,0,1,0,0,1
588,589,0,22.0,0,0,0,1,0,0,1,0,1,1,0,0,1,0,0,0,1
589,590,0,28.5,0,0,0,1,0,0,1,0,1,1,0,0,1,0,0,0,1
590,591,0,35.0,0,0,0,1,0,0,1,0,1,1,0,0,1,0,0,0,1
591,592,1,52.0,1,1,0,0,1,0,0,1,0,1,0,0,0,1,0,1,0
592,593,0,47.0,0,0,0,1,0,0,1,0,1,1,0,0,1,0,0,0,1
593,594,0,42.0,0,0,0,1,0,1,0,1,0,0,0,1,1,0,0,1,0
594,595,0,37.0,0,0,1,0,0,0,1,0,1,1,0,0,0,1,0,0,1
595,596,0,36.0,0,0,0,1,0,0,1,0,1,0,1,0,0,1,0,0,1
596,597,1,42.5,0,0,1,0,0,0,1,1,0,1,0,0,1,0,0,1,0
597,598,0,49.0,0,0,0,1,0,0,1,0,1,1,0,0,1,0,0,0,1
598,599,0,49.0,0,0,0,1,1,0,0,0,1,1,0,0,1,0,0,0,1
599,600,1,49.0,1,1,0,0,1,0,0,0,1,1,0,0,0,1,0,0,1
600,601,1,24.0,0,0,1,0,0,0,1,1,0,0,1,0,0,0,1,1,0
601,602,0,30.666666666666668,0,0,0,1,0,0,1,0,1,1,0,0,1,0,0,0,1
602,603,0,37.333333333333336,0,1,0,0,0,0,1,0,1,1,0,0,1,0,0,0,1
603,604,0,44.0,0,0,0,1,0,0,1,0,1,1,0,0,1,0,0,0,1
604,605,1,35.0,0,1,0,0,1,0,0,0,1,1,0,0,1,0,0,0,1
605,606,0,36.0,0,0,0,1,0,0,1,0,1,1,0,0,0,1,0,0,1
606,607,0,30.0,0,0,0,1,0,0,1,0,1,1,0,0,1,0,0,0,1
607,608,1,27.0,0,1,0,0,0,0,1,0,1,1,0,0,1,0,0,0,1
608,609,1,22.0,0,0,1,0,1,0,0,1,0,0,0,1,0,1,0,1,0
609,610,1,40.0,1,1,0,0,0,0,1,1,0,1,0,0,1,0,0,1,0
610,611,0,39.0,0,0,0,1,0,0,1,1,0,0,0,1,0,1,0,1,0
611,612,0,38.0,0,0,0,1,0,0,1,0,1,1,0,0,1,0,0,0,1
612,613,1,37.0,0,0,0,1,0,1,0,1,0,1,0,0,0,1,0,1,0
613,614,0,36.0,0,0,0,1,0,1,0,0,1,1,0,0,1,0,0,0,1
614,615,0,35.0,0,0,0,1,0,0,1,0,1,1,0,0,1,0,0,0,1
615,616,1,24.0,0,0,1,0,0,0,1,1,0,0,0,1,0,1,0,1,0
616,617,0,34.0,0,0,0,1,0,0,1,0,1,0,1,0,0,1,0,0,1
617,618,0,26.0,0,0,0,1,0,0,1,1,0,1,0,0,0,1,0,1,0
618,619,1,4.0,1,0,1,0,0,0,1,1,0,0,1,0,0,0,1,1,0
619,620,0,26.0,0,0,1,0,0,0,1,0,1,1,0,0,1,0,0,0,1
620,621,0,27.0,0,0,0,1,1,0,0,0,1,1,0,0,0,1,0,0,1
621,622,1,42.0,1,1,0,0,0,0,1,0,1,1,0,0,0,1,0,0,1
622,623,1,20.0,0,0,0,1,1,0,0,0,1,0,1,0,0,1,0,0,1
623,624,0,21.0,0,0,0,1,0,0,1,0,1,1,0,0,1,0,0,0,1
624,625,0,21.0,0,0,0,1,0,0,1,0,1,1,0,0,1,0,0,0,1
625,626,0,61.0,1,1,0,0,0,0,1,0,1,1,0,0,1,0,0,0,1
626,627,0,57.0,0,0,1,0,0,1,0,0,1,1,0,0,1,0,0,0,1
627,628,1,21.0,1,1,0,0,0,0,1,1,0,1,0,0,1,0,0,1,0
628,629,0,26.0,0,0,0,1,0,0,1,0,1,1,0,0,1,0,0,0,1
629,630,0,53.0,0,0,0,1,0,1,0,0,1,1,0,0,1,0,0,0,1
630,631,1,80.0,1,1,0,0,0,0,1,0,1,1,0,0,1,0,0,0,1
631,632,0,51.0,0,0,0,1,0,0,1,0,1,1,0,0,1,0,0,0,1
632,633,1,32.0,1,1,0,0,1,0,0,0,1,1,0,0,1,0,0,0,1
633,634,0,20.5,0,1,0,0,0,0,1,0,1,1,0,0,1,0,0,0,1
634,635,0,9.0,0,0,0,1,0,0,1,1,0,0,0,1,0,0,1,1,0
635,636,1,28.0,0,0,1,0,0,0,1,1,0,1,0,0,1,0,0,1,0
636,637,0,32.0,0,0,0,1,0,0,1,0,1,1,0,0,1,0,0,0,1
637,638,0,31.0,0,0,1,0,0,0,1,0,1,0,1,0,0,1,0,0,1
638,639,0,41.0,0,0,0,1,0,0,1,1,0,0,0,1,1,0,0,1,0
639,640,0,30.5,0,0,0,1,0,0,1,0,1,1,0,0,0,1,0,0,1
640,641,0,20.0,0,0,0,1,0,0,1,0,1,1,0,0,1,0,0,0,1
641,642,1,24.0,1,1,0,0,1,0,0,1,0,1,0,0,1,0,0,1,0
642,643,0,2.0,0,0,0,1,0,0,1,1,0,0,0,1,0,0,1,1,0
643,644,1,1.375,0,0,0,1,0,0,1,0,1,1,0,0,1,0,0,0,1
644,645,1,0.75,0,0,0,1,1,0,0,1,0,0,1,0,0,0,1,1,0
645,646,1,48.0,1,1,0,0,1,0,0,0,1,1,0,0,0,1,0,0,1
646,647,0,19.0,0,0,0,1,0,0,1,0,1,1,0,0,1,0,0,0,1
647,648,1,56.0,1,1,0,0,1,0,0,0,1,1,0,0,1,0,0,0,1
648,649,0,39.5,0,0,0,1,0,0,1,0,1,1,0,0,1,0,0,0,1
649,650,1,23.0,0,0,0,1,0,0,1,1,0,1,0,0,1,0,0,1,0
650,651,0,20.5,0,0,0,1,0,0,1,0,1,1,0,0,1,0,0,0,1
651,652,1,18.0,0,0,1,0,0,0,1,1,0,0,1,0,1,0,0,1,0
652,653,0,21.0,0,0,0,1,0,0,1,0,1,1,0,0,1,0,0,0,1
653,654,1,19.5,0,0,0,1,0,1,0,1,0,1,0,0,1,0,0,1,0
654,655,0,18.0,0,0,0,1,0,1,0,1,0,1,0,0,1,0,0,1,0
655,656,0,24.0,0,0,1,0,0,0,1,0,1,1,0,0,0,0,1,0,1
656,657,0,28.0,0,0,0,1,0,0,1,0,1,1,0,0,1,0,0,0,1
657,658,0,32.0,0,0,0,1,0,1,0,1,0,0,1,0,0,1,0,1,0
658,659,0,23.0,0,0,1,0,0,0,1,0,1,1,0,0,1,0,0,0,1
659,660,0,58.0,1,1,0,0,1,0,0,0,1,0,0,1,1,0,0,0,1
660,661,1,50.0,0,1,0,0,0,0,1,0,1,1,0,0,0,0,1,0,1
661,662,0,40.0,0,0,0,1,1,0,0,0,1,1,0,0,1,0,0,0,1
662,663,0,47.0,1,1,0,0,0,0,1,0,1,1,0,0,1,0,0,0,1
663,664,0,36.0,0,0,0,1,0,0,1,0,1,1,0,0,1,0,0,0,1
664,665,1,20.0,0,0,0,1,0,0,1,0,1,1,0,0,0,1,0,0,1
665,666,0,32.0,0,0,1,0,0,0,1,0,1,1,0,0,0,0,1,0,1
666,667,0,25.0,0,0,1,0,0,0,1,0,1,1,0,0,1,0,0,0,1
667,668,0,34.0,0,0,0,1,0,0,1,0,1,1,0,0,1,0,0,0,1
668,669,0,43.0,0,0,0,1,0,0,1,0,1,1,0,0,1,0,0,0,1
669,670,1,41.5,1,1,0,0,0,0,1,1,0,1,0,0,0,1,0,1,0
670,671,1,40.0,0,0,1,0,0,0,1,1,0,0,1,0,0,1,0,1,0
671,672,0,31.0,1,1,0,0,0,0,1,0,1,1,0,0,0,1,0,0,1
672,673,0,70.0,0,0,1,0,0,0,1,0,1,1,0,0,1,0,0,0,1
673,674,1,31.0,0,0,1,0,0,0,1,0,1,1,0,0,1,0,0,0,1
674,675,0,24.5,0,0,1,0,0,0,1,0,1,1,0,0,1,0,0,0,1
675,676,0,18.0,0,0,0,1,0,0,1,0,1,1,0,0,1,0,0,0,1
676,677,0,24.5,0,0,0,1,0,0,1,0,1,1,0,0,1,0,0,0,1
677,678,1,18.0,0,0,0,1,0,0,1,1,0,1,0,0,1,0,0,1,0
678,679,0,43.0,0,0,0,1,0,0,1,1,0,0,0,1,0,1,0,1,0
679,680,1,36.0,1,1,0,0,1,0,0,0,1,0,1,0,1,0,0,0,1
680,681,0,31.5,0,0,0,1,0,1,0,1,0,1,0,0,1,0,0,1,0
681,682,1,27.0,1,1,0,0,1,0,0,0,1,1,0,0,1,0,0,0,1
682,683,0,20.0,0,0,0,1,0,0,1,0,1,1,0,0,1,0,0,0,1
683,684,0,14.0,0,0,0,1,0,0,1,0,1,0,0,1,0,0,1,0,1
684,685,0,60.0,0,0,1,0,0,0,1,0,1,0,1,0,0,1,0,0,1
685,686,0,25.0,0,0,1,0,1,0,0,0,1,0,0,1,0,1,0,0,1
686,687,0,14.0,0,0,0,1,0,0,1,0,1,0,1,0,0,0,1,0,1
687,688,0,19.0,0,0,0,1,0,0,1,0,1,1,0,0,1,0,0,0,1
688,689,0,18.0,0,0,0,1,0,0,1,0,1,1,0,0,1,0,0,0,1
689,690,1,15.0,1,1,0,0,0,0,1,1,0,0,1,0,1,0,0,1,0
690,691,1,31.0,1,1,0,0,0,0,1,0,1,1,0,0,0,1,0,0,1
691,692,1,4.0,0,0,0,1,1,0,0,1,0,0,1,0,1,0,0,1,0
692,693,1,14.5,0,0,0,1,0,0,1,0,1,1,0,0,1,0,0,0,1
693,694,0,25.0,0,0,0,1,1,0,0,0,1,1,0,0,1,0,0,0,1
694,695,0,60.0,0,1,0,0,0,0,1,0,1,1,0,0,1,0,0,0,1
695,696,0,52.0,0,0,1,0,0,0,1,0,1,1,0,0,1,0,0,0,1
696,697,0,44.0,0,0,0,1,0,0,1,0,1,1,0,0,1,0,0,0,1
697,698,1,46.5,0,0,0,1,0,1,0,1,0,1,0,0,1,0,0,1,0
698,699,0,49.0,1,1,0,0,1,0,0,0,1,0,1,0,0,1,0,0,1
699,700,0,42.0,1,0,0,1,0,0,1,0,1,1,0,0,1,0,0,0,1
700,701,1,18.0,1,1,0,0,1,0,0,1,0,1,0,0,0,1,0,1,0
701,702,1,35.0,1,1,0,0,0,0,1,0,1,1,0,0,1,0,0,0,1
702,703,0,18.0,0,0,0,1,1,0,0,1,0,0,1,0,1,0,0,1,0
703,704,0,25.0,0,0,0,1,0,1,0,0,1,1,0,0,1,0,0,0,1
704,705,0,26.0,0,0,0,1,0,0,1,0,1,1,0,0,0,1,0,0,1
705,706,0,39.0,0,0,1,0,0,0,1,0,1,1,0,0,1,0,0,0,1
706,707,1,45.0,0,0,1,0,0,0,1,1,0,1,0,0,1,0,0,1,0
707,708,1,42.0,1,1,0,0,0,0,1,0,1,1,0,0,1,0,0,0,1
708,709,1,22.0,0,1,0,0,0,0,1,1,0,1,0,0,1,0,0,1,0
709,710,1,23.0,0,0,0,1,1,0,0,0,1,0,1,0,0,1,0,0,1
710,711,1,24.0,1,1,0,0,1,0,0,1,0,1,0,0,1,0,0,1,0
711,712,0,36.0,1,1,0,0,0,0,1,0,1,1,0,0,1,0,0,0,1
712,713,1,48.0,1,1,0,0,0,0,1,0,1,1,0,0,0,1,0,0,1
713,714,0,29.0,0,0,0,1,0,0,1,0,1,1,0,0,1,0,0,0,1
714,715,0,52.0,0,0,1,0,0,0,1,0,1,1,0,0,1,0,0,0,1
715,716,0,19.0,1,0,0,1,0,0,1,0,1,1,0,0,1,0,0,0,1
716,717,1,38.0,1,1,0,0,1,0,0,1,0,1,0,0,1,0,0,1,0
717,718,1,27.0,1,0,1,0,0,0,1,1,0,1,0,0,1,0,0,1,0
718,719,0,30.0,0,0,0,1,0,1,0,0,1,1,0,0,1,0,0,0,1
719,720,0,33.0,0,0,0,1,0,0,1,0,1,1,0,0,1,0,0,0,1
720,721,1,6.0,0,0,1,0,0,0,1,1,0,0,1,0,1,0,0,1,0
721,722,0,17.0,0,0,0,1,0,0,1,0,1,1,0,0,0,1,0,0,1
722,723,0,34.0,0,0,1,0,0,0,1,0,1,1,0,0,1,0,0,0,1
723,724,0,50.0,0,0,1,0,0,0,1,0,1,1,0,0,1,0,0,0,1
724,725,1,27.0,1,1,0,0,0,0,1,0,1,1,0,0,0,1,0,0,1
725,726,0,20.0,0,0,0,1,0,0,1,0,1,1,0,0,1,0,0,0,1
726,727,1,30.0,0,0,1,0,0,0,1,1,0,1,0,0,0,0,1,1,0
727,728,1,27.5,0,0,0,1,0,1,0,1,0,1,0,0,1,0,0,1,0
728,729,0,25.0,0,0,1,0,0,0,1,0,1,1,0,0,0,1,0,0,1
729,730,0,25.0,0,0,0,1,0,0,1,1,0,1,0,0,0,1,0,1,0
730,731,1,29.0,1,1,0,0,0,0,1,1,0,1,0,0,1,0,0,1,0
731,732,0,11.0,0,0,0,1,1,0,0,0,1,1,0,0,1,0,0,0,1
732,733,0,17.0,0,0,1,0,0,0,1,0,1,1,0,0,1,0,0,0,1
733,734,0,23.0,0,0,1,0,0,0,1,0,1,1,0,0,1,0,0,0,1
734,735,0,23.0,0,0,1,0,0,0,1,0,1,1,0,0,1,0,0,0,1
735,736,0,28.5,0,0,0,1,0,0,1,0,1,1,0,0,1,0,0,0,1
736,737,0,48.0,0,0,0,1,0,0,1,1,0,0,0,1,0,1,0,1,0
737,738,1,35.0,1,1,0,0,1,0,0,0,1,1,0,0,1,0,0,0,1
738,739,0,35.25,0,0,0,1,0,0,1,0,1,1,0,0,1,0,0,0,1
739,740,0,35.5,0,0,0,1,0,0,1,0,1,1,0,0,1,0,0,0,1
740,741,1,35.75,1,1,0,0,0,0,1,0,1,1,0,0,1,0,0,0,1
741,742,0,36.0,1,1,0,0,0,0,1,0,1,1,0,0,0,1,0,0,1
742,743,1,21.0,1,1,0,0,1,0,0,1,0,0,0,1,0,0,1,1,0
743,744,0,24.0,0,0,0,1,0,0,1,0,1,1,0,0,0,1,0,0,1
744,745,1,31.0,0,0,0,1,0,0,1,0,1,1,0,0,1,0,0,0,1
745,746,0,70.0,1,1,0,0,0,0,1,0,1,0,1,0,0,1,0,0,1
746,747,0,16.0,0,0,0,1,0,0,1,0,1,0,1,0,0,1,0,0,1
747,748,1,30.0,0,0,1,0,0,0,1,1,0,1,0,0,1,0,0,1,0
748,749,0,19.0,1,1,0,0,0,0,1,0,1,1,0,0,0,1,0,0,1
749,750,0,31.0,0,0,0,1,0,1,0,0,1,1,0,0,1,0,0,0,1
750,751,1,4.0,0,0,1,0,0,0,1,1,0,0,1,0,0,1,0,1,0
751,752,1,6.0,1,0,0,1,0,0,1,0,1,0,1,0,1,0,0,0,1
752,753,0,33.0,0,0,0,1,0,0,1,0,1,1,0,0,1,0,0,0,1
753,754,0,23.0,0,0,0,1,0,0,1,0,1,1,0,0,1,0,0,0,1
754,755,1,48.0,0,0,1,0,0,0,1,1,0,0,0,1,0,1,0,1,0
755,756,1,0.67,0,0,1,0,0,0,1,0,1,0,1,0,0,1,0,0,1
756,757,0,28.0,0,0,0,1,0,0,1,0,1,1,0,0,1,0,0,0,1
757,758,0,18.0,0,0,1,0,0,0,1,0,1,1,0,0,1,0,0,0,1
758,759,0,34.0,0,0,0,1,0,0,1,0,1,1,0,0,1,0,0,0,1
759,760,1,33.0,1,1,0,0,0,0,1,1,0,1,0,0,1,0,0,0,1
760,761,0,37.0,0,0,0,1,0,0,1,0,1,1,0,0,1,0,0,0,1
761,762,0,41.0,0,0,0,1,0,0,1,0,1,1,0,0,1,0,0,0,1
762,763,1,20.0,0,0,0,1,1,0,0,0,1,1,0,0,1,0,0,0,1
763,764,1,36.0,1,1,0,0,0,0,1,1,0,0,0,1,0,1,0,1,0
764,765,0,16.0,0,0,0,1,0,0,1,0,1,1,0,0,1,0,0,0,1
765,766,1,51.0,1,1,0,0,0,0,1,1,0,1,0,0,0,1,0,1,0
766,767,0,40.75,0,1,0,0,1,0,0,0,1,1,0,0,1,0,0,0,1
767,768,0,30.5,0,0,0,1,0,1,0,1,0,1,0,0,1,0,0,1,0
768,769,0,31.25,0,0,0,1,0,1,0,0,1,1,0,0,0,1,0,0,1
769,770,0,32.0,0,0,0,1,0,0,1,0,1,1,0,0,1,0,0,0,1
770,771,0,24.0,0,0,0,1,0,0,1,0,1,1,0,0,1,0,0,0,1
771,772,0,48.0,0,0,0,1,0,0,1,0,1,1,0,0,1,0,0,0,1
772,773,0,57.0,1,0,1,0,0,0,1,1,0,1,0,0,1,0,0,1,0
773,774,0,55.5,0,0,0,1,1,0,0,0,1,1,0,0,1,0,0,0,1
774,775,1,54.0,0,0,1,0,0,0,1,1,0,0,0,1,0,1,0,1,0
775,776,0,18.0,0,0,0,1,0,0,1,0,1,1,0,0,1,0,0,0,1
776,777,0,11.5,1,0,0,1,0,1,0,0,1,1,0,0,1,0,0,0,1
777,778,1,5.0,0,0,0,1,0,0,1,1,0,1,0,0,1,0,0,1,0
778,779,0,24.0,0,0,0,1,0,1,0,0,1,1,0,0,1,0,0,0,1
779,780,1,43.0,1,1,0,0,0,0,1,1,0,0,1,0,1,0,0,1,0
780,781,1,13.0,0,0,0,1,1,0,0,1,0,1,0,0,1,0,0,1,0
781,782,1,17.0,1,1,0,0,0,0,1,1,0,1,0,0,0,1,0,1,0
782,783,0,29.0,1,1,0,0,0,0,1,0,1,1,0,0,1,0,0,0,1
783,784,0,27.0,0,0,0,1,0,0,1,0,1,0,0,1,0,1,0,0,1
784,785,0,25.0,0,0,0,1,0,0,1,0,1,1,0,0,1,0,0,0,1
785,786,0,25.0,0,0,0,1,0,0,1,0,1,1,0,0,1,0,0,0,1
786,787,1,18.0,0,0,0,1,0,0,1,1,0,1,0,0,1,0,0,1,0
787,788,0,8.0,0,0,0,1,0,1,0,0,1,0,1,0,0,0,1,0,1
788,789,1,1.0,0,0,0,1,0,0,1,0,1,0,0,1,0,1,0,0,1
789,790,0,46.0,1,1,0,0,1,0,0,0,1,1,0,0,1,0,0,0,1
790,791,0,31.0,0,0,0,1,0,1,0,0,1,1,0,0,1,0,0,0,1
791,792,0,16.0,0,0,1,0,0,0,1,0,1,1,0,0,1,0,0,0,1
792,793,0,19.0,0,0,0,1,0,0,1,1,0,0,0,1,0,0,1,1,0
793,794,0,22.0,0,1,0,0,1,0,0,0,1,1,0,0,1,0,0,0,1
794,795,0,25.0,0,0,0,1,0,0,1,0,1,1,0,0,1,0,0,0,1
795,796,0,39.0,0,0,1,0,0,0,1,0,1,1,0,0,1,0,0,0,1
796,797,1,49.0,1,1,0,0,0,0,1,1,0,1,0,0,1,0,0,0,1
797,798,1,31.0,0,0,0,1,0,0,1,1,0,1,0,0,1,0,0,1,0
798,799,0,30.0,0,0,0,1,1,0,0,0,1,1,0,0,1,0,0,0,1
799,800,0,30.0,0,0,0,1,0,0,1,1,0,0,1,0,0,1,0,1,0
800,801,0,34.0,0,0,1,0,0,0,1,0,1,1,0,0,1,0,0,0,1
801,802,1,31.0,0,0,1,0,0,0,1,1,0,0,1,0,0,1,0,1,0
802,803,1,11.0,1,1,0,0,0,0,1,0,1,0,0,1,0,1,0,0,1
803,804,1,0.42,0,0,0,1,1,0,0,0,1,0,1,0,1,0,0,0,1
804,805,1,27.0,0,0,0,1,0,0,1,0,1,1,0,0,1,0,0,0,1
805,806,0,31.0,0,0,0,1,0,0,1,0,1,1,0,0,1,0,0,0,1
806,807,0,39.0,1,1,0,0,0,0,1,0,1,1,0,0,1,0,0,0,1
807,808,0,18.0,0,0,0,1,0,0,1,1,0,1,0,0,1,0,0,1,0
808,809,0,39.0,0,0,1,0,0,0,1,0,1,1,0,0,1,0,0,0,1
809,810,1,33.0,1,1,0,0,0,0,1,1,0,1,0,0,0,1,0,1,0
810,811,0,26.0,0,0,0,1,0,0,1,0,1,1,0,0,1,0,0,0,1
811,812,0,39.0,0,0,0,1,0,0,1,0,1,1,0,0,1,0,0,0,1
812,813,0,35.0,0,0,1,0,0,0,1,0,1,1,0,0,1,0,0,0,1
813,814,0,6.0,0,0,0,1,0,0,1,1,0,0,0,1,0,0,1,1,0
814,815,0,30.5,0,0,0,1,0,0,1,0,1,1,0,0,1,0,0,0,1
815,816,0,26.75,1,1,0,0,0,0,1,0,1,1,0,0,1,0,0,0,1
816,817,0,23.0,0,0,0,1,0,0,1,1,0,1,0,0,1,0,0,1,0
817,818,0,31.0,0,0,1,0,1,0,0,0,1,0,1,0,0,1,0,0,1
818,819,0,43.0,0,0,0,1,0,0,1,0,1,1,0,0,1,0,0,0,1
819,820,0,10.0,0,0,0,1,0,0,1,0,1,0,0,1,0,0,1,0,1
820,821,1,52.0,1,1,0,0,0,0,1,1,0,0,1,0,0,1,0,1,0
821,822,1,27.0,0,0,0,1,0,0,1,0,1,1,0,0,1,0,0,0,1
822,823,0,38.0,0,1,0,0,0,0,1,0,1,1,0,0,1,0,0,0,1
823,824,1,27.0,1,0,0,1,0,0,1,1,0,0,1,0,1,0,0,1,0
824,825,0,2.0,0,0,0,1,0,0,1,0,1,0,1,0,0,0,1,0,1
825,826,0,1.6666666666666667,0,0,0,1,0,1,0,0,1,1,0,0,1,0,0,0,1
826,827,0,1.3333333333333335,0,0,0,1,0,0,1,0,1,1,0,0,1,0,0,0,1
827,828,1,1.0,0,0,1,0,1,0,0,0,1,0,0,1,1,0,0,0,1
828,829,1,31.5,0,0,0,1,0,1,0,0,1,1,0,0,1,0,0,0,1
829,830,1,62.0,1,1,0,0,0,0,0,1,0,1,0,0,1,0,0,1,0
830,831,1,15.0,0,0,0,1,1,0,0,1,0,1,0,0,0,1,0,1,0
831,832,1,0.83,0,0,1,0,0,0,1,0,1,0,1,0,0,1,0,0,1
832,833,0,11.915000000000001,0,0,0,1,1,0,0,0,1,1,0,0,1,0,0,0,1
833,834,0,23.0,0,0,0,1,0,0,1,0,1,1,0,0,1,0,0,0,1
834,835,0,18.0,0,0,0,1,0,0,1,0,1,1,0,0,1,0,0,0,1
835,836,1,39.0,1,1,0,0,1,0,0,1,0,0,1,0,0,1,0,1,0
836,837,0,21.0,0,0,0,1,0,0,1,0,1,1,0,0,1,0,0,0,1
837,838,0,26.5,0,0,0,1,0,0,1,0,1,1,0,0,1,0,0,0,1
838,839,1,32.0,0,0,0,1,0,0,1,0,1,1,0,0,1,0,0,0,1
839,840,1,26.0,1,1,0,0,1,0,0,0,1,1,0,0,1,0,0,0,1
840,841,0,20.0,0,0,0,1,0,0,1,0,1,1,0,0,1,0,0,0,1
841,842,0,16.0,0,0,1,0,0,0,1,0,1,1,0,0,1,0,0,0,1
842,843,1,30.0,0,1,0,0,1,0,0,1,0,1,0,0,1,0,0,1,0
843,844,0,34.5,0,0,0,1,1,0,0,0,1,1,0,0,1,0,0,0,1
844,845,0,17.0,0,0,0,1,0,0,1,0,1,1,0,0,1,0,0,0,1
845,846,0,42.0,0,0,0,1,0,0,1,0,1,1,0,0,1,0,0,0,1
846,847,0,38.5,0,0,0,1,0,0,1,0,1,0,0,1,0,0,1,0,1
847,848,0,35.0,0,0,0,1,1,0,0,0,1,1,0,0,1,0,0,0,1
848,849,0,28.0,0,0,1,0,0,0,1,0,1,0,1,0,1,0,0,0,1
849,850,1,16.0,1,1,0,0,1,0,0,1,0,1,0,0,0,1,0,1,0
850,851,0,4.0,0,0,0,1,0,0,1,0,1,0,0,1,0,0,1,0,1
851,852,0,74.0,0,0,0,1,0,0,1,0,1,1,0,0,1,0,0,0,1
852,853,0,9.0,0,0,0,1,1,0,0,1,0,0,1,0,0,1,0,1,0
853,854,1,16.0,1,1,0,0,0,0,1,1,0,0,1,0,1,0,0,1,0
854,855,0,44.0,0,0,1,0,0,0,1,1,0,1,0,0,0,1,0,1,0
855,856,1,18.0,0,0,0,1,0,0,1,1,0,0,1,0,1,0,0,1,0
856,857,1,45.0,0,1,0,0,0,0,1,1,0,0,1,0,0,1,0,1,0
857,858,1,51.0,1,1,0,0,0,0,1,0,1,1,0,0,1,0,0,0,1
858,859,1,24.0,0,0,0,1,1,0,0,1,0,0,0,1,1,0,0,1,0
859,860,0,32.5,0,0,0,1,1,0,0,0,1,1,0,0,1,0,0,0,1
860,861,0,41.0,0,0,0,1,0,0,1,0,1,1,0,0,0,0,1,0,1
861,862,0,21.0,0,0,1,0,0,0,1,0,1,1,0,0,0,1,0,0,1
862,863,1,48.0,1,1,0,0,0,0,1,1,0,1,0,0,1,0,0,1,0
863,864,0,36.0,0,0,0,1,0,0,1,1,0,0,0,1,0,0,1,1,0
864,865,0,24.0,0,0,1,0,0,0,1,0,1,1,0,0,1,0,0,0,1
865,866,1,42.0,0,0,1,0,0,0,1,1,0,1,0,0,1,0,0,1,0
866,867,1,27.0,0,0,1,0,1,0,0,1,0,1,0,0,0,1,0,1,0
867,868,0,31.0,1,1,0,0,0,0,1,0,1,1,0,0,1,0,0,0,1
868,869,0,17.5,0,0,0,1,0,0,1,0,1,1,0,0,1,0,0,0,1
869,870,1,4.0,0,0,0,1,0,0,1,0,1,0,1,0,0,1,0,0,1
870,871,0,26.0,0,0,0,1,0,0,1,0,1,1,0,0,1,0,0,0,1
871,872,1,47.0,1,1,0,0,0,0,1,1,0,0,1,0,0,1,0,1,0
872,873,0,33.0,1,1,0,0,0,0,1,0,1,1,0,0,1,0,0,0,1
873,874,0,47.0,0,0,0,1,0,0,1,0,1,1,0,0,1,0,0,0,1
874,875,1,28.0,0,0,1,0,1,0,0,1,0,1,0,0,0,1,0,1,0
875,876,1,15.0,0,0,0,1,1,0,0,1,0,1,0,0,1,0,0,1,0
876,877,0,20.0,0,0,0,1,0,0,1,0,1,1,0,0,1,0,0,0,1
877,878,0,19.0,0,0,0,1,0,0,1,0,1,1,0,0,1,0,0,0,1
878,879,0,37.5,0,0,0,1,0,0,1,0,1,1,0,0,1,0,0,0,1
879,880,1,56.0,1,1,0,0,1,0,0,1,0,0,1,0,1,0,0,1,0
880,881,1,25.0,0,0,1,0,0,0,1,1,0,0,1,0,1,0,0,1,0
881,882,0,33.0,0,0,0,1,0,0,1,0,1,1,0,0,1,0,0,0,1
882,883,0,22.0,0,0,0,1,0,0,1,1,0,1,0,0,1,0,0,1,0
883,884,0,28.0,0,0,1,0,0,0,1,0,1,1,0,0,1,0,0,0,1
884,885,0,25.0,0,0,0,1,0,0,1,0,1,1,0,0,1,0,0,0,1
885,886,0,39.0,0,0,0,1,0,1,0,1,0,0,0,1,1,0,0,1,0
886,887,0,27.0,0,0,1,0,0,0,1,0,1,1,0,0,1,0,0,0,1
887,888,1,19.0,1,1,0,0,0,0,1,1,0,1,0,0,1,0,0,1,0
888,889,0,22.5,0,0,0,1,0,0,1,1,0,0,0,1,0,1,0,1,0
889,890,1,26.0,1,1,0,0,1,0,0,0,1,1,0,0,1,0,0,0,1
890,891,0,32.0,0,0,0,1,0,1,0,0,1,1,0,0,1,0,0,0,1
